params,score
"{'batch_size': 32, 'd_model': 64, 'dropout_rate': 0.0, 'feed_forward_size': 128, 'learning_rate': 0.0001, 'n_heads': 4, 'n_layers_decoder': 1, 'n_layers_encoder': 1}",0.0004198681563138
"{'batch_size': 32, 'd_model': 64, 'dropout_rate': 0.0, 'feed_forward_size': 128, 'learning_rate': 0.0001, 'n_heads': 4, 'n_layers_decoder': 2, 'n_layers_encoder': 2}",0.000577570637688
"{'batch_size': 32, 'd_model': 64, 'dropout_rate': 0.0, 'feed_forward_size': 128, 'learning_rate': 0.001, 'n_heads': 4, 'n_layers_decoder': 1, 'n_layers_encoder': 1}",0.0122903808951377
"{'batch_size': 32, 'd_model': 64, 'dropout_rate': 0.0, 'feed_forward_size': 128, 'learning_rate': 0.001, 'n_heads': 4, 'n_layers_decoder': 2, 'n_layers_encoder': 2}",0.0131121622398495
"{'batch_size': 32, 'd_model': 64, 'dropout_rate': 0.0, 'feed_forward_size': 256, 'learning_rate': 0.0001, 'n_heads': 4, 'n_layers_decoder': 1, 'n_layers_encoder': 1}",0.0003612295549828
"{'batch_size': 32, 'd_model': 64, 'dropout_rate': 0.0, 'feed_forward_size': 256, 'learning_rate': 0.0001, 'n_heads': 4, 'n_layers_decoder': 2, 'n_layers_encoder': 2}",0.0007625992293469
"{'batch_size': 32, 'd_model': 64, 'dropout_rate': 0.0, 'feed_forward_size': 256, 'learning_rate': 0.001, 'n_heads': 4, 'n_layers_decoder': 1, 'n_layers_encoder': 1}",0.0131119871512055
"{'batch_size': 32, 'd_model': 64, 'dropout_rate': 0.0, 'feed_forward_size': 256, 'learning_rate': 0.001, 'n_heads': 4, 'n_layers_decoder': 2, 'n_layers_encoder': 2}",0.0131133329123258
"{'batch_size': 32, 'd_model': 64, 'dropout_rate': 0.2, 'feed_forward_size': 128, 'learning_rate': 0.0001, 'n_heads': 4, 'n_layers_decoder': 1, 'n_layers_encoder': 1}",0.0001560807431815
"{'batch_size': 32, 'd_model': 64, 'dropout_rate': 0.2, 'feed_forward_size': 128, 'learning_rate': 0.0001, 'n_heads': 4, 'n_layers_decoder': 2, 'n_layers_encoder': 2}",0.0003926080535165
"{'batch_size': 32, 'd_model': 64, 'dropout_rate': 0.2, 'feed_forward_size': 128, 'learning_rate': 0.001, 'n_heads': 4, 'n_layers_decoder': 1, 'n_layers_encoder': 1}",0.0110125821083784
"{'batch_size': 32, 'd_model': 64, 'dropout_rate': 0.2, 'feed_forward_size': 128, 'learning_rate': 0.001, 'n_heads': 4, 'n_layers_decoder': 2, 'n_layers_encoder': 2}",0.0131113389506936
"{'batch_size': 32, 'd_model': 64, 'dropout_rate': 0.2, 'feed_forward_size': 256, 'learning_rate': 0.0001, 'n_heads': 4, 'n_layers_decoder': 1, 'n_layers_encoder': 1}",0.0004184793215245
"{'batch_size': 32, 'd_model': 64, 'dropout_rate': 0.2, 'feed_forward_size': 256, 'learning_rate': 0.0001, 'n_heads': 4, 'n_layers_decoder': 2, 'n_layers_encoder': 2}",0.0004924783133901
"{'batch_size': 32, 'd_model': 64, 'dropout_rate': 0.2, 'feed_forward_size': 256, 'learning_rate': 0.001, 'n_heads': 4, 'n_layers_decoder': 1, 'n_layers_encoder': 1}",0.0125633412972092
"{'batch_size': 32, 'd_model': 64, 'dropout_rate': 0.2, 'feed_forward_size': 256, 'learning_rate': 0.001, 'n_heads': 4, 'n_layers_decoder': 2, 'n_layers_encoder': 2}",0.0131113845854997
"{'batch_size': 32, 'd_model': 128, 'dropout_rate': 0.0, 'feed_forward_size': 256, 'learning_rate': 0.0001, 'n_heads': 4, 'n_layers_decoder': 1, 'n_layers_encoder': 1}",0.0004979807417839
"{'batch_size': 32, 'd_model': 128, 'dropout_rate': 0.0, 'feed_forward_size': 256, 'learning_rate': 0.0001, 'n_heads': 4, 'n_layers_decoder': 2, 'n_layers_encoder': 2}",0.0011311167618259
"{'batch_size': 32, 'd_model': 128, 'dropout_rate': 0.0, 'feed_forward_size': 256, 'learning_rate': 0.0001, 'n_heads': 8, 'n_layers_decoder': 1, 'n_layers_encoder': 1}",0.0004416585434228
"{'batch_size': 32, 'd_model': 128, 'dropout_rate': 0.0, 'feed_forward_size': 256, 'learning_rate': 0.0001, 'n_heads': 8, 'n_layers_decoder': 2, 'n_layers_encoder': 2}",0.0008844117983244
"{'batch_size': 32, 'd_model': 128, 'dropout_rate': 0.0, 'feed_forward_size': 256, 'learning_rate': 0.001, 'n_heads': 4, 'n_layers_decoder': 1, 'n_layers_encoder': 1}",0.0122807156294584
"{'batch_size': 32, 'd_model': 128, 'dropout_rate': 0.0, 'feed_forward_size': 256, 'learning_rate': 0.001, 'n_heads': 4, 'n_layers_decoder': 2, 'n_layers_encoder': 2}",0.0131175499409437
"{'batch_size': 32, 'd_model': 128, 'dropout_rate': 0.0, 'feed_forward_size': 256, 'learning_rate': 0.001, 'n_heads': 8, 'n_layers_decoder': 1, 'n_layers_encoder': 1}",0.0131198931485414
"{'batch_size': 32, 'd_model': 128, 'dropout_rate': 0.0, 'feed_forward_size': 256, 'learning_rate': 0.001, 'n_heads': 8, 'n_layers_decoder': 2, 'n_layers_encoder': 2}",0.0131252715364098
"{'batch_size': 32, 'd_model': 128, 'dropout_rate': 0.0, 'feed_forward_size': 512, 'learning_rate': 0.0001, 'n_heads': 4, 'n_layers_decoder': 1, 'n_layers_encoder': 1}",0.0007076735491864
"{'batch_size': 32, 'd_model': 128, 'dropout_rate': 0.0, 'feed_forward_size': 512, 'learning_rate': 0.0001, 'n_heads': 4, 'n_layers_decoder': 2, 'n_layers_encoder': 2}",0.0008312560385093
"{'batch_size': 32, 'd_model': 128, 'dropout_rate': 0.0, 'feed_forward_size': 512, 'learning_rate': 0.0001, 'n_heads': 8, 'n_layers_decoder': 1, 'n_layers_encoder': 1}",0.0005607243510894
"{'batch_size': 32, 'd_model': 128, 'dropout_rate': 0.0, 'feed_forward_size': 512, 'learning_rate': 0.0001, 'n_heads': 8, 'n_layers_decoder': 2, 'n_layers_encoder': 2}",0.0009022700833156
"{'batch_size': 32, 'd_model': 128, 'dropout_rate': 0.0, 'feed_forward_size': 512, 'learning_rate': 0.001, 'n_heads': 4, 'n_layers_decoder': 1, 'n_layers_encoder': 1}",0.013123208656907
"{'batch_size': 32, 'd_model': 128, 'dropout_rate': 0.0, 'feed_forward_size': 512, 'learning_rate': 0.001, 'n_heads': 4, 'n_layers_decoder': 2, 'n_layers_encoder': 2}",0.0131170162931084
"{'batch_size': 32, 'd_model': 128, 'dropout_rate': 0.0, 'feed_forward_size': 512, 'learning_rate': 0.001, 'n_heads': 8, 'n_layers_decoder': 1, 'n_layers_encoder': 1}",0.0131201483309268
"{'batch_size': 32, 'd_model': 128, 'dropout_rate': 0.0, 'feed_forward_size': 512, 'learning_rate': 0.001, 'n_heads': 8, 'n_layers_decoder': 2, 'n_layers_encoder': 2}",0.0131193036213517
"{'batch_size': 32, 'd_model': 128, 'dropout_rate': 0.2, 'feed_forward_size': 256, 'learning_rate': 0.0001, 'n_heads': 4, 'n_layers_decoder': 1, 'n_layers_encoder': 1}",0.0004585428396239
"{'batch_size': 32, 'd_model': 128, 'dropout_rate': 0.2, 'feed_forward_size': 256, 'learning_rate': 0.0001, 'n_heads': 4, 'n_layers_decoder': 2, 'n_layers_encoder': 2}",0.0001663325238041
"{'batch_size': 32, 'd_model': 128, 'dropout_rate': 0.2, 'feed_forward_size': 256, 'learning_rate': 0.0001, 'n_heads': 8, 'n_layers_decoder': 1, 'n_layers_encoder': 1}",9.77929012151435e-05
"{'batch_size': 32, 'd_model': 128, 'dropout_rate': 0.2, 'feed_forward_size': 256, 'learning_rate': 0.0001, 'n_heads': 8, 'n_layers_decoder': 2, 'n_layers_encoder': 2}",0.0002137661504093
"{'batch_size': 32, 'd_model': 128, 'dropout_rate': 0.2, 'feed_forward_size': 256, 'learning_rate': 0.001, 'n_heads': 4, 'n_layers_decoder': 1, 'n_layers_encoder': 1}",0.0130167175084352
"{'batch_size': 32, 'd_model': 128, 'dropout_rate': 0.2, 'feed_forward_size': 256, 'learning_rate': 0.001, 'n_heads': 4, 'n_layers_decoder': 2, 'n_layers_encoder': 2}",0.0131118297576904
"{'batch_size': 32, 'd_model': 128, 'dropout_rate': 0.2, 'feed_forward_size': 256, 'learning_rate': 0.001, 'n_heads': 8, 'n_layers_decoder': 1, 'n_layers_encoder': 1}",0.0131165254861116
"{'batch_size': 32, 'd_model': 128, 'dropout_rate': 0.2, 'feed_forward_size': 256, 'learning_rate': 0.001, 'n_heads': 8, 'n_layers_decoder': 2, 'n_layers_encoder': 2}",0.0131119610741734
"{'batch_size': 32, 'd_model': 128, 'dropout_rate': 0.2, 'feed_forward_size': 512, 'learning_rate': 0.0001, 'n_heads': 4, 'n_layers_decoder': 1, 'n_layers_encoder': 1}",0.0001361033355351
"{'batch_size': 32, 'd_model': 128, 'dropout_rate': 0.2, 'feed_forward_size': 512, 'learning_rate': 0.0001, 'n_heads': 4, 'n_layers_decoder': 2, 'n_layers_encoder': 2}",0.0001995144702959
"{'batch_size': 32, 'd_model': 128, 'dropout_rate': 0.2, 'feed_forward_size': 512, 'learning_rate': 0.0001, 'n_heads': 8, 'n_layers_decoder': 1, 'n_layers_encoder': 1}",0.0001251835492439
"{'batch_size': 32, 'd_model': 128, 'dropout_rate': 0.2, 'feed_forward_size': 512, 'learning_rate': 0.0001, 'n_heads': 8, 'n_layers_decoder': 2, 'n_layers_encoder': 2}",0.0002031113108387
"{'batch_size': 32, 'd_model': 128, 'dropout_rate': 0.2, 'feed_forward_size': 512, 'learning_rate': 0.001, 'n_heads': 4, 'n_layers_decoder': 1, 'n_layers_encoder': 1}",0.0131173934787511
"{'batch_size': 32, 'd_model': 128, 'dropout_rate': 0.2, 'feed_forward_size': 512, 'learning_rate': 0.001, 'n_heads': 4, 'n_layers_decoder': 2, 'n_layers_encoder': 2}",0.0131127974018454
"{'batch_size': 32, 'd_model': 128, 'dropout_rate': 0.2, 'feed_forward_size': 512, 'learning_rate': 0.001, 'n_heads': 8, 'n_layers_decoder': 1, 'n_layers_encoder': 1}",0.0131126344203948
"{'batch_size': 32, 'd_model': 128, 'dropout_rate': 0.2, 'feed_forward_size': 512, 'learning_rate': 0.001, 'n_heads': 8, 'n_layers_decoder': 2, 'n_layers_encoder': 2}",0.0131118400022387
"{'batch_size': 64, 'd_model': 64, 'dropout_rate': 0.0, 'feed_forward_size': 128, 'learning_rate': 0.0001, 'n_heads': 4, 'n_layers_decoder': 1, 'n_layers_encoder': 1}",0.0003571569395717
"{'batch_size': 64, 'd_model': 64, 'dropout_rate': 0.0, 'feed_forward_size': 128, 'learning_rate': 0.0001, 'n_heads': 4, 'n_layers_decoder': 2, 'n_layers_encoder': 2}",0.0005963695002719
"{'batch_size': 64, 'd_model': 64, 'dropout_rate': 0.0, 'feed_forward_size': 128, 'learning_rate': 0.001, 'n_heads': 4, 'n_layers_decoder': 1, 'n_layers_encoder': 1}",0.0007645239238627
"{'batch_size': 64, 'd_model': 64, 'dropout_rate': 0.0, 'feed_forward_size': 128, 'learning_rate': 0.001, 'n_heads': 4, 'n_layers_decoder': 2, 'n_layers_encoder': 2}",0.0123550239950418
"{'batch_size': 64, 'd_model': 64, 'dropout_rate': 0.0, 'feed_forward_size': 256, 'learning_rate': 0.0001, 'n_heads': 4, 'n_layers_decoder': 1, 'n_layers_encoder': 1}",0.0002509148616809
"{'batch_size': 64, 'd_model': 64, 'dropout_rate': 0.0, 'feed_forward_size': 256, 'learning_rate': 0.0001, 'n_heads': 4, 'n_layers_decoder': 2, 'n_layers_encoder': 2}",0.0005110889906063
"{'batch_size': 64, 'd_model': 64, 'dropout_rate': 0.0, 'feed_forward_size': 256, 'learning_rate': 0.001, 'n_heads': 4, 'n_layers_decoder': 1, 'n_layers_encoder': 1}",0.0009326375438831
"{'batch_size': 64, 'd_model': 64, 'dropout_rate': 0.0, 'feed_forward_size': 256, 'learning_rate': 0.001, 'n_heads': 4, 'n_layers_decoder': 2, 'n_layers_encoder': 2}",0.0128027182072401
"{'batch_size': 64, 'd_model': 64, 'dropout_rate': 0.2, 'feed_forward_size': 128, 'learning_rate': 0.0001, 'n_heads': 4, 'n_layers_decoder': 1, 'n_layers_encoder': 1}",0.0006188348634168
"{'batch_size': 64, 'd_model': 64, 'dropout_rate': 0.2, 'feed_forward_size': 128, 'learning_rate': 0.0001, 'n_heads': 4, 'n_layers_decoder': 2, 'n_layers_encoder': 2}",0.0005842376849614
"{'batch_size': 64, 'd_model': 64, 'dropout_rate': 0.2, 'feed_forward_size': 128, 'learning_rate': 0.001, 'n_heads': 4, 'n_layers_decoder': 1, 'n_layers_encoder': 1}",0.0003745882713701
"{'batch_size': 64, 'd_model': 64, 'dropout_rate': 0.2, 'feed_forward_size': 128, 'learning_rate': 0.001, 'n_heads': 4, 'n_layers_decoder': 2, 'n_layers_encoder': 2}",0.0120492819696664
"{'batch_size': 64, 'd_model': 64, 'dropout_rate': 0.2, 'feed_forward_size': 256, 'learning_rate': 0.0001, 'n_heads': 4, 'n_layers_decoder': 1, 'n_layers_encoder': 1}",0.0009126950753852
"{'batch_size': 64, 'd_model': 64, 'dropout_rate': 0.2, 'feed_forward_size': 256, 'learning_rate': 0.0001, 'n_heads': 4, 'n_layers_decoder': 2, 'n_layers_encoder': 2}",0.0012011050712317
"{'batch_size': 64, 'd_model': 64, 'dropout_rate': 0.2, 'feed_forward_size': 256, 'learning_rate': 0.001, 'n_heads': 4, 'n_layers_decoder': 1, 'n_layers_encoder': 1}",0.0002527684555388
"{'batch_size': 64, 'd_model': 64, 'dropout_rate': 0.2, 'feed_forward_size': 256, 'learning_rate': 0.001, 'n_heads': 4, 'n_layers_decoder': 2, 'n_layers_encoder': 2}",0.0127458777278661
"{'batch_size': 64, 'd_model': 128, 'dropout_rate': 0.0, 'feed_forward_size': 256, 'learning_rate': 0.0001, 'n_heads': 4, 'n_layers_decoder': 1, 'n_layers_encoder': 1}",0.0002382505335845
"{'batch_size': 64, 'd_model': 128, 'dropout_rate': 0.0, 'feed_forward_size': 256, 'learning_rate': 0.0001, 'n_heads': 4, 'n_layers_decoder': 2, 'n_layers_encoder': 2}",0.000968629552517
"{'batch_size': 64, 'd_model': 128, 'dropout_rate': 0.0, 'feed_forward_size': 256, 'learning_rate': 0.0001, 'n_heads': 8, 'n_layers_decoder': 1, 'n_layers_encoder': 1}",0.0004119823570363
"{'batch_size': 64, 'd_model': 128, 'dropout_rate': 0.0, 'feed_forward_size': 256, 'learning_rate': 0.0001, 'n_heads': 8, 'n_layers_decoder': 2, 'n_layers_encoder': 2}",0.0005725988885387
"{'batch_size': 64, 'd_model': 128, 'dropout_rate': 0.0, 'feed_forward_size': 256, 'learning_rate': 0.001, 'n_heads': 4, 'n_layers_decoder': 1, 'n_layers_encoder': 1}",0.0112225133925676
"{'batch_size': 64, 'd_model': 128, 'dropout_rate': 0.0, 'feed_forward_size': 256, 'learning_rate': 0.001, 'n_heads': 4, 'n_layers_decoder': 2, 'n_layers_encoder': 2}",0.0131106097251176
"{'batch_size': 64, 'd_model': 128, 'dropout_rate': 0.0, 'feed_forward_size': 256, 'learning_rate': 0.001, 'n_heads': 8, 'n_layers_decoder': 1, 'n_layers_encoder': 1}",0.012121464125812
"{'batch_size': 64, 'd_model': 128, 'dropout_rate': 0.0, 'feed_forward_size': 256, 'learning_rate': 0.001, 'n_heads': 8, 'n_layers_decoder': 2, 'n_layers_encoder': 2}",0.0131108919158577
"{'batch_size': 64, 'd_model': 128, 'dropout_rate': 0.0, 'feed_forward_size': 512, 'learning_rate': 0.0001, 'n_heads': 4, 'n_layers_decoder': 1, 'n_layers_encoder': 1}",0.000760979077313
"{'batch_size': 64, 'd_model': 128, 'dropout_rate': 0.0, 'feed_forward_size': 512, 'learning_rate': 0.0001, 'n_heads': 4, 'n_layers_decoder': 2, 'n_layers_encoder': 2}",0.0006520898314192
"{'batch_size': 64, 'd_model': 128, 'dropout_rate': 0.0, 'feed_forward_size': 512, 'learning_rate': 0.0001, 'n_heads': 8, 'n_layers_decoder': 1, 'n_layers_encoder': 1}",0.0009100321331061
"{'batch_size': 64, 'd_model': 128, 'dropout_rate': 0.0, 'feed_forward_size': 512, 'learning_rate': 0.0001, 'n_heads': 8, 'n_layers_decoder': 2, 'n_layers_encoder': 2}",0.0004151684697717
"{'batch_size': 64, 'd_model': 128, 'dropout_rate': 0.0, 'feed_forward_size': 512, 'learning_rate': 0.001, 'n_heads': 4, 'n_layers_decoder': 1, 'n_layers_encoder': 1}",0.0022435598075389
"{'batch_size': 64, 'd_model': 128, 'dropout_rate': 0.0, 'feed_forward_size': 512, 'learning_rate': 0.001, 'n_heads': 4, 'n_layers_decoder': 2, 'n_layers_encoder': 2}",0.0131106227636337
"{'batch_size': 64, 'd_model': 128, 'dropout_rate': 0.0, 'feed_forward_size': 512, 'learning_rate': 0.001, 'n_heads': 8, 'n_layers_decoder': 1, 'n_layers_encoder': 1}",0.0123902987688779
"{'batch_size': 64, 'd_model': 128, 'dropout_rate': 0.0, 'feed_forward_size': 512, 'learning_rate': 0.001, 'n_heads': 8, 'n_layers_decoder': 2, 'n_layers_encoder': 2}",0.0131106320768594
"{'batch_size': 64, 'd_model': 128, 'dropout_rate': 0.2, 'feed_forward_size': 256, 'learning_rate': 0.0001, 'n_heads': 4, 'n_layers_decoder': 1, 'n_layers_encoder': 1}",0.0003574707661755
"{'batch_size': 64, 'd_model': 128, 'dropout_rate': 0.2, 'feed_forward_size': 256, 'learning_rate': 0.0001, 'n_heads': 4, 'n_layers_decoder': 2, 'n_layers_encoder': 2}",0.0003254140610806
"{'batch_size': 64, 'd_model': 128, 'dropout_rate': 0.2, 'feed_forward_size': 256, 'learning_rate': 0.0001, 'n_heads': 8, 'n_layers_decoder': 1, 'n_layers_encoder': 1}",0.0001530070439912
"{'batch_size': 64, 'd_model': 128, 'dropout_rate': 0.2, 'feed_forward_size': 256, 'learning_rate': 0.0001, 'n_heads': 8, 'n_layers_decoder': 2, 'n_layers_encoder': 2}",0.0004864789370913
"{'batch_size': 64, 'd_model': 128, 'dropout_rate': 0.2, 'feed_forward_size': 256, 'learning_rate': 0.001, 'n_heads': 4, 'n_layers_decoder': 1, 'n_layers_encoder': 1}",0.0078778862953186
"{'batch_size': 64, 'd_model': 128, 'dropout_rate': 0.2, 'feed_forward_size': 256, 'learning_rate': 0.001, 'n_heads': 4, 'n_layers_decoder': 2, 'n_layers_encoder': 2}",0.0131105948239564
"{'batch_size': 64, 'd_model': 128, 'dropout_rate': 0.2, 'feed_forward_size': 256, 'learning_rate': 0.001, 'n_heads': 8, 'n_layers_decoder': 1, 'n_layers_encoder': 1}",0.0120931705459952
"{'batch_size': 64, 'd_model': 128, 'dropout_rate': 0.2, 'feed_forward_size': 256, 'learning_rate': 0.001, 'n_heads': 8, 'n_layers_decoder': 2, 'n_layers_encoder': 2}",0.0131105761975049
"{'batch_size': 64, 'd_model': 128, 'dropout_rate': 0.2, 'feed_forward_size': 512, 'learning_rate': 0.0001, 'n_heads': 4, 'n_layers_decoder': 1, 'n_layers_encoder': 1}",0.0003552743291947
"{'batch_size': 64, 'd_model': 128, 'dropout_rate': 0.2, 'feed_forward_size': 512, 'learning_rate': 0.0001, 'n_heads': 4, 'n_layers_decoder': 2, 'n_layers_encoder': 2}",0.0011283018393442
"{'batch_size': 64, 'd_model': 128, 'dropout_rate': 0.2, 'feed_forward_size': 512, 'learning_rate': 0.0001, 'n_heads': 8, 'n_layers_decoder': 1, 'n_layers_encoder': 1}",9.799518011277542e-05
"{'batch_size': 64, 'd_model': 128, 'dropout_rate': 0.2, 'feed_forward_size': 512, 'learning_rate': 0.0001, 'n_heads': 8, 'n_layers_decoder': 2, 'n_layers_encoder': 2}",0.0008232212276197
"{'batch_size': 64, 'd_model': 128, 'dropout_rate': 0.2, 'feed_forward_size': 512, 'learning_rate': 0.001, 'n_heads': 4, 'n_layers_decoder': 1, 'n_layers_encoder': 1}",0.0030678347684442
"{'batch_size': 64, 'd_model': 128, 'dropout_rate': 0.2, 'feed_forward_size': 512, 'learning_rate': 0.001, 'n_heads': 4, 'n_layers_decoder': 2, 'n_layers_encoder': 2}",0.0130974054336547
"{'batch_size': 64, 'd_model': 128, 'dropout_rate': 0.2, 'feed_forward_size': 512, 'learning_rate': 0.001, 'n_heads': 8, 'n_layers_decoder': 1, 'n_layers_encoder': 1}",0.0116330292075872
"{'batch_size': 64, 'd_model': 128, 'dropout_rate': 0.2, 'feed_forward_size': 512, 'learning_rate': 0.001, 'n_heads': 8, 'n_layers_decoder': 2, 'n_layers_encoder': 2}",0.0131105668842792
"{'batch_size': 32, 'd_model': 64, 'dropout_rate': 0.0, 'feed_forward_size': 128, 'learning_rate': 0.0001, 'n_heads': 4, 'n_layers_decoder': 1, 'n_layers_encoder': 1}",0.000469826045446
"{'batch_size': 32, 'd_model': 64, 'dropout_rate': 0.0, 'feed_forward_size': 128, 'learning_rate': 0.0001, 'n_heads': 4, 'n_layers_decoder': 2, 'n_layers_encoder': 2}",0.0008365188841708
"{'batch_size': 32, 'd_model': 64, 'dropout_rate': 0.0, 'feed_forward_size': 128, 'learning_rate': 0.001, 'n_heads': 4, 'n_layers_decoder': 1, 'n_layers_encoder': 1}",0.0007267706678248
"{'batch_size': 32, 'd_model': 64, 'dropout_rate': 0.0, 'feed_forward_size': 128, 'learning_rate': 0.001, 'n_heads': 4, 'n_layers_decoder': 2, 'n_layers_encoder': 2}",0.0131068928167223
"{'batch_size': 32, 'd_model': 64, 'dropout_rate': 0.0, 'feed_forward_size': 256, 'learning_rate': 0.0001, 'n_heads': 4, 'n_layers_decoder': 1, 'n_layers_encoder': 1}",0.0010284158634021
"{'batch_size': 32, 'd_model': 64, 'dropout_rate': 0.0, 'feed_forward_size': 256, 'learning_rate': 0.0001, 'n_heads': 4, 'n_layers_decoder': 2, 'n_layers_encoder': 2}",0.0010283160954713
"{'batch_size': 32, 'd_model': 64, 'dropout_rate': 0.0, 'feed_forward_size': 256, 'learning_rate': 0.001, 'n_heads': 4, 'n_layers_decoder': 1, 'n_layers_encoder': 1}",0.0021868150215595
"{'batch_size': 32, 'd_model': 64, 'dropout_rate': 0.0, 'feed_forward_size': 256, 'learning_rate': 0.001, 'n_heads': 4, 'n_layers_decoder': 2, 'n_layers_encoder': 2}",0.012384315021336
"{'batch_size': 32, 'd_model': 64, 'dropout_rate': 0.2, 'feed_forward_size': 128, 'learning_rate': 0.0001, 'n_heads': 4, 'n_layers_decoder': 1, 'n_layers_encoder': 1}",0.0002504916046746
"{'batch_size': 32, 'd_model': 64, 'dropout_rate': 0.2, 'feed_forward_size': 128, 'learning_rate': 0.0001, 'n_heads': 4, 'n_layers_decoder': 2, 'n_layers_encoder': 2}",0.0006853327504359
"{'batch_size': 32, 'd_model': 64, 'dropout_rate': 0.2, 'feed_forward_size': 128, 'learning_rate': 0.001, 'n_heads': 4, 'n_layers_decoder': 1, 'n_layers_encoder': 1}",0.0004656993260141
"{'batch_size': 32, 'd_model': 64, 'dropout_rate': 0.2, 'feed_forward_size': 128, 'learning_rate': 0.001, 'n_heads': 4, 'n_layers_decoder': 2, 'n_layers_encoder': 2}",0.0131107876077294
"{'batch_size': 32, 'd_model': 64, 'dropout_rate': 0.2, 'feed_forward_size': 256, 'learning_rate': 0.0001, 'n_heads': 4, 'n_layers_decoder': 1, 'n_layers_encoder': 1}",0.0005253545823507
"{'batch_size': 32, 'd_model': 64, 'dropout_rate': 0.2, 'feed_forward_size': 256, 'learning_rate': 0.0001, 'n_heads': 4, 'n_layers_decoder': 2, 'n_layers_encoder': 2}",0.0005803420208394
"{'batch_size': 32, 'd_model': 64, 'dropout_rate': 0.2, 'feed_forward_size': 256, 'learning_rate': 0.001, 'n_heads': 4, 'n_layers_decoder': 1, 'n_layers_encoder': 1}",0.0018092842074111
"{'batch_size': 32, 'd_model': 64, 'dropout_rate': 0.2, 'feed_forward_size': 256, 'learning_rate': 0.001, 'n_heads': 4, 'n_layers_decoder': 2, 'n_layers_encoder': 2}",0.0124747836962342
"{'batch_size': 32, 'd_model': 128, 'dropout_rate': 0.0, 'feed_forward_size': 256, 'learning_rate': 0.0001, 'n_heads': 4, 'n_layers_decoder': 1, 'n_layers_encoder': 1}",0.0005785269313491
"{'batch_size': 32, 'd_model': 128, 'dropout_rate': 0.0, 'feed_forward_size': 256, 'learning_rate': 0.0001, 'n_heads': 4, 'n_layers_decoder': 2, 'n_layers_encoder': 2}",0.0012535714777186
"{'batch_size': 32, 'd_model': 128, 'dropout_rate': 0.0, 'feed_forward_size': 256, 'learning_rate': 0.0001, 'n_heads': 8, 'n_layers_decoder': 1, 'n_layers_encoder': 1}",0.0006743424455635
"{'batch_size': 32, 'd_model': 128, 'dropout_rate': 0.0, 'feed_forward_size': 256, 'learning_rate': 0.0001, 'n_heads': 8, 'n_layers_decoder': 2, 'n_layers_encoder': 2}",0.0014532150235027
"{'batch_size': 32, 'd_model': 128, 'dropout_rate': 0.0, 'feed_forward_size': 256, 'learning_rate': 0.001, 'n_heads': 4, 'n_layers_decoder': 1, 'n_layers_encoder': 1}",0.0116203548386693
"{'batch_size': 32, 'd_model': 128, 'dropout_rate': 0.0, 'feed_forward_size': 256, 'learning_rate': 0.001, 'n_heads': 4, 'n_layers_decoder': 2, 'n_layers_encoder': 2}",0.0131108267232775
"{'batch_size': 32, 'd_model': 128, 'dropout_rate': 0.0, 'feed_forward_size': 256, 'learning_rate': 0.001, 'n_heads': 8, 'n_layers_decoder': 1, 'n_layers_encoder': 1}",0.0131082506850361
"{'batch_size': 32, 'd_model': 128, 'dropout_rate': 0.0, 'feed_forward_size': 256, 'learning_rate': 0.001, 'n_heads': 8, 'n_layers_decoder': 2, 'n_layers_encoder': 2}",0.0131107913330197
"{'batch_size': 32, 'd_model': 128, 'dropout_rate': 0.0, 'feed_forward_size': 512, 'learning_rate': 0.0001, 'n_heads': 4, 'n_layers_decoder': 1, 'n_layers_encoder': 1}",0.0007261544233188
"{'batch_size': 32, 'd_model': 128, 'dropout_rate': 0.0, 'feed_forward_size': 512, 'learning_rate': 0.0001, 'n_heads': 4, 'n_layers_decoder': 2, 'n_layers_encoder': 2}",0.0006205379031598
"{'batch_size': 32, 'd_model': 128, 'dropout_rate': 0.0, 'feed_forward_size': 512, 'learning_rate': 0.0001, 'n_heads': 8, 'n_layers_decoder': 1, 'n_layers_encoder': 1}",0.0006444323225878
"{'batch_size': 32, 'd_model': 128, 'dropout_rate': 0.0, 'feed_forward_size': 512, 'learning_rate': 0.0001, 'n_heads': 8, 'n_layers_decoder': 2, 'n_layers_encoder': 2}",0.0014503960264846
"{'batch_size': 32, 'd_model': 128, 'dropout_rate': 0.0, 'feed_forward_size': 512, 'learning_rate': 0.001, 'n_heads': 4, 'n_layers_decoder': 1, 'n_layers_encoder': 1}",0.0116800479590892
"{'batch_size': 32, 'd_model': 128, 'dropout_rate': 0.0, 'feed_forward_size': 512, 'learning_rate': 0.001, 'n_heads': 4, 'n_layers_decoder': 2, 'n_layers_encoder': 2}",0.0131108881905674
"{'batch_size': 32, 'd_model': 128, 'dropout_rate': 0.0, 'feed_forward_size': 512, 'learning_rate': 0.001, 'n_heads': 8, 'n_layers_decoder': 1, 'n_layers_encoder': 1}",0.0120305977761745
"{'batch_size': 32, 'd_model': 128, 'dropout_rate': 0.0, 'feed_forward_size': 512, 'learning_rate': 0.001, 'n_heads': 8, 'n_layers_decoder': 2, 'n_layers_encoder': 2}",0.0131107652559876
"{'batch_size': 32, 'd_model': 128, 'dropout_rate': 0.2, 'feed_forward_size': 256, 'learning_rate': 0.0001, 'n_heads': 4, 'n_layers_decoder': 1, 'n_layers_encoder': 1}",0.0001438674080418
"{'batch_size': 32, 'd_model': 128, 'dropout_rate': 0.2, 'feed_forward_size': 256, 'learning_rate': 0.0001, 'n_heads': 4, 'n_layers_decoder': 2, 'n_layers_encoder': 2}",0.0005212242249399
"{'batch_size': 32, 'd_model': 128, 'dropout_rate': 0.2, 'feed_forward_size': 256, 'learning_rate': 0.0001, 'n_heads': 8, 'n_layers_decoder': 1, 'n_layers_encoder': 1}",0.0001179980827146
"{'batch_size': 32, 'd_model': 128, 'dropout_rate': 0.2, 'feed_forward_size': 256, 'learning_rate': 0.0001, 'n_heads': 8, 'n_layers_decoder': 2, 'n_layers_encoder': 2}",0.0002167574857594
"{'batch_size': 32, 'd_model': 128, 'dropout_rate': 0.2, 'feed_forward_size': 256, 'learning_rate': 0.001, 'n_heads': 4, 'n_layers_decoder': 1, 'n_layers_encoder': 1}",0.0121929179877042
"{'batch_size': 32, 'd_model': 128, 'dropout_rate': 0.2, 'feed_forward_size': 256, 'learning_rate': 0.001, 'n_heads': 4, 'n_layers_decoder': 2, 'n_layers_encoder': 2}",0.0131107121706008
"{'batch_size': 32, 'd_model': 128, 'dropout_rate': 0.2, 'feed_forward_size': 256, 'learning_rate': 0.001, 'n_heads': 8, 'n_layers_decoder': 1, 'n_layers_encoder': 1}",0.0122126098722219
"{'batch_size': 32, 'd_model': 128, 'dropout_rate': 0.2, 'feed_forward_size': 256, 'learning_rate': 0.001, 'n_heads': 8, 'n_layers_decoder': 2, 'n_layers_encoder': 2}",0.0131112076342105
"{'batch_size': 32, 'd_model': 128, 'dropout_rate': 0.2, 'feed_forward_size': 512, 'learning_rate': 0.0001, 'n_heads': 4, 'n_layers_decoder': 1, 'n_layers_encoder': 1}",0.0002793825406115
"{'batch_size': 32, 'd_model': 128, 'dropout_rate': 0.2, 'feed_forward_size': 512, 'learning_rate': 0.0001, 'n_heads': 4, 'n_layers_decoder': 2, 'n_layers_encoder': 2}",0.0002597870188765
"{'batch_size': 32, 'd_model': 128, 'dropout_rate': 0.2, 'feed_forward_size': 512, 'learning_rate': 0.0001, 'n_heads': 8, 'n_layers_decoder': 1, 'n_layers_encoder': 1}",0.0001394025312038
"{'batch_size': 32, 'd_model': 128, 'dropout_rate': 0.2, 'feed_forward_size': 512, 'learning_rate': 0.0001, 'n_heads': 8, 'n_layers_decoder': 2, 'n_layers_encoder': 2}",0.0003866413026116
"{'batch_size': 32, 'd_model': 128, 'dropout_rate': 0.2, 'feed_forward_size': 512, 'learning_rate': 0.001, 'n_heads': 4, 'n_layers_decoder': 1, 'n_layers_encoder': 1}",0.0124634094536304
"{'batch_size': 32, 'd_model': 128, 'dropout_rate': 0.2, 'feed_forward_size': 512, 'learning_rate': 0.001, 'n_heads': 4, 'n_layers_decoder': 2, 'n_layers_encoder': 2}",0.0131107596680521
"{'batch_size': 32, 'd_model': 128, 'dropout_rate': 0.2, 'feed_forward_size': 512, 'learning_rate': 0.001, 'n_heads': 8, 'n_layers_decoder': 1, 'n_layers_encoder': 1}",0.01225405652076
"{'batch_size': 32, 'd_model': 128, 'dropout_rate': 0.2, 'feed_forward_size': 512, 'learning_rate': 0.001, 'n_heads': 8, 'n_layers_decoder': 2, 'n_layers_encoder': 2}",0.0131107037886977
"{'batch_size': 64, 'd_model': 64, 'dropout_rate': 0.0, 'feed_forward_size': 128, 'learning_rate': 0.0001, 'n_heads': 4, 'n_layers_decoder': 1, 'n_layers_encoder': 1}",0.0002469576138537
"{'batch_size': 64, 'd_model': 64, 'dropout_rate': 0.0, 'feed_forward_size': 128, 'learning_rate': 0.0001, 'n_heads': 4, 'n_layers_decoder': 2, 'n_layers_encoder': 2}",0.0003984499780926
"{'batch_size': 64, 'd_model': 64, 'dropout_rate': 0.0, 'feed_forward_size': 128, 'learning_rate': 0.001, 'n_heads': 4, 'n_layers_decoder': 1, 'n_layers_encoder': 1}",0.0010419705649837
"{'batch_size': 64, 'd_model': 64, 'dropout_rate': 0.0, 'feed_forward_size': 128, 'learning_rate': 0.001, 'n_heads': 4, 'n_layers_decoder': 2, 'n_layers_encoder': 2}",0.011829019524157
"{'batch_size': 64, 'd_model': 64, 'dropout_rate': 0.0, 'feed_forward_size': 256, 'learning_rate': 0.0001, 'n_heads': 4, 'n_layers_decoder': 1, 'n_layers_encoder': 1}",0.0002804423274938
"{'batch_size': 64, 'd_model': 64, 'dropout_rate': 0.0, 'feed_forward_size': 256, 'learning_rate': 0.0001, 'n_heads': 4, 'n_layers_decoder': 2, 'n_layers_encoder': 2}",0.0004951956216245
"{'batch_size': 64, 'd_model': 64, 'dropout_rate': 0.0, 'feed_forward_size': 256, 'learning_rate': 0.001, 'n_heads': 4, 'n_layers_decoder': 1, 'n_layers_encoder': 1}",0.0007180004613474
"{'batch_size': 64, 'd_model': 64, 'dropout_rate': 0.0, 'feed_forward_size': 256, 'learning_rate': 0.001, 'n_heads': 4, 'n_layers_decoder': 2, 'n_layers_encoder': 2}",0.0119400564581155
"{'batch_size': 64, 'd_model': 64, 'dropout_rate': 0.2, 'feed_forward_size': 128, 'learning_rate': 0.0001, 'n_heads': 4, 'n_layers_decoder': 1, 'n_layers_encoder': 1}",0.0003506962966639
"{'batch_size': 64, 'd_model': 64, 'dropout_rate': 0.2, 'feed_forward_size': 128, 'learning_rate': 0.0001, 'n_heads': 4, 'n_layers_decoder': 2, 'n_layers_encoder': 2}",0.0007261278806254
"{'batch_size': 64, 'd_model': 64, 'dropout_rate': 0.2, 'feed_forward_size': 128, 'learning_rate': 0.001, 'n_heads': 4, 'n_layers_decoder': 1, 'n_layers_encoder': 1}",0.0004057849873788
"{'batch_size': 64, 'd_model': 64, 'dropout_rate': 0.2, 'feed_forward_size': 128, 'learning_rate': 0.001, 'n_heads': 4, 'n_layers_decoder': 2, 'n_layers_encoder': 2}",0.0004741398443002
"{'batch_size': 64, 'd_model': 64, 'dropout_rate': 0.2, 'feed_forward_size': 256, 'learning_rate': 0.0001, 'n_heads': 4, 'n_layers_decoder': 1, 'n_layers_encoder': 1}",0.0002646376378834
"{'batch_size': 64, 'd_model': 64, 'dropout_rate': 0.2, 'feed_forward_size': 256, 'learning_rate': 0.0001, 'n_heads': 4, 'n_layers_decoder': 2, 'n_layers_encoder': 2}",0.0005476652877405
"{'batch_size': 64, 'd_model': 64, 'dropout_rate': 0.2, 'feed_forward_size': 256, 'learning_rate': 0.001, 'n_heads': 4, 'n_layers_decoder': 1, 'n_layers_encoder': 1}",0.0003404367889743
"{'batch_size': 64, 'd_model': 64, 'dropout_rate': 0.2, 'feed_forward_size': 256, 'learning_rate': 0.001, 'n_heads': 4, 'n_layers_decoder': 2, 'n_layers_encoder': 2}",0.0113050499930977
"{'batch_size': 64, 'd_model': 128, 'dropout_rate': 0.0, 'feed_forward_size': 256, 'learning_rate': 0.0001, 'n_heads': 4, 'n_layers_decoder': 1, 'n_layers_encoder': 1}",0.0005155795370228
"{'batch_size': 64, 'd_model': 128, 'dropout_rate': 0.0, 'feed_forward_size': 256, 'learning_rate': 0.0001, 'n_heads': 4, 'n_layers_decoder': 2, 'n_layers_encoder': 2}",0.000418701354647
"{'batch_size': 64, 'd_model': 128, 'dropout_rate': 0.0, 'feed_forward_size': 256, 'learning_rate': 0.0001, 'n_heads': 8, 'n_layers_decoder': 1, 'n_layers_encoder': 1}",0.0003745148715097
"{'batch_size': 64, 'd_model': 128, 'dropout_rate': 0.0, 'feed_forward_size': 256, 'learning_rate': 0.0001, 'n_heads': 8, 'n_layers_decoder': 2, 'n_layers_encoder': 2}",0.0009167912066914
"{'batch_size': 64, 'd_model': 128, 'dropout_rate': 0.0, 'feed_forward_size': 256, 'learning_rate': 0.001, 'n_heads': 4, 'n_layers_decoder': 1, 'n_layers_encoder': 1}",0.0005192870739847
"{'batch_size': 64, 'd_model': 128, 'dropout_rate': 0.0, 'feed_forward_size': 256, 'learning_rate': 0.001, 'n_heads': 4, 'n_layers_decoder': 2, 'n_layers_encoder': 2}",0.013111955486238
"{'batch_size': 64, 'd_model': 128, 'dropout_rate': 0.0, 'feed_forward_size': 256, 'learning_rate': 0.001, 'n_heads': 8, 'n_layers_decoder': 1, 'n_layers_encoder': 1}",0.0008211296517401
"{'batch_size': 64, 'd_model': 128, 'dropout_rate': 0.0, 'feed_forward_size': 256, 'learning_rate': 0.001, 'n_heads': 8, 'n_layers_decoder': 2, 'n_layers_encoder': 2}",0.013110838830471
"{'batch_size': 64, 'd_model': 128, 'dropout_rate': 0.0, 'feed_forward_size': 512, 'learning_rate': 0.0001, 'n_heads': 4, 'n_layers_decoder': 1, 'n_layers_encoder': 1}",0.0003621881187427
"{'batch_size': 64, 'd_model': 128, 'dropout_rate': 0.0, 'feed_forward_size': 512, 'learning_rate': 0.0001, 'n_heads': 4, 'n_layers_decoder': 2, 'n_layers_encoder': 2}",0.0004231317725498
"{'batch_size': 64, 'd_model': 128, 'dropout_rate': 0.0, 'feed_forward_size': 512, 'learning_rate': 0.0001, 'n_heads': 8, 'n_layers_decoder': 1, 'n_layers_encoder': 1}",0.0005102947470732
"{'batch_size': 64, 'd_model': 128, 'dropout_rate': 0.0, 'feed_forward_size': 512, 'learning_rate': 0.0001, 'n_heads': 8, 'n_layers_decoder': 2, 'n_layers_encoder': 2}",0.000641674210783
"{'batch_size': 64, 'd_model': 128, 'dropout_rate': 0.0, 'feed_forward_size': 512, 'learning_rate': 0.001, 'n_heads': 4, 'n_layers_decoder': 1, 'n_layers_encoder': 1}",0.0010610474273562
"{'batch_size': 64, 'd_model': 128, 'dropout_rate': 0.0, 'feed_forward_size': 512, 'learning_rate': 0.001, 'n_heads': 4, 'n_layers_decoder': 2, 'n_layers_encoder': 2}",0.0131105659529566
"{'batch_size': 64, 'd_model': 128, 'dropout_rate': 0.0, 'feed_forward_size': 512, 'learning_rate': 0.001, 'n_heads': 8, 'n_layers_decoder': 1, 'n_layers_encoder': 1}",0.0118883587419986
"{'batch_size': 64, 'd_model': 128, 'dropout_rate': 0.0, 'feed_forward_size': 512, 'learning_rate': 0.001, 'n_heads': 8, 'n_layers_decoder': 2, 'n_layers_encoder': 2}",0.0131112141534686
"{'batch_size': 64, 'd_model': 128, 'dropout_rate': 0.2, 'feed_forward_size': 256, 'learning_rate': 0.0001, 'n_heads': 4, 'n_layers_decoder': 1, 'n_layers_encoder': 1}",0.0002090649213641
"{'batch_size': 64, 'd_model': 128, 'dropout_rate': 0.2, 'feed_forward_size': 256, 'learning_rate': 0.0001, 'n_heads': 4, 'n_layers_decoder': 2, 'n_layers_encoder': 2}",0.0003272676549386
"{'batch_size': 64, 'd_model': 128, 'dropout_rate': 0.2, 'feed_forward_size': 256, 'learning_rate': 0.0001, 'n_heads': 8, 'n_layers_decoder': 1, 'n_layers_encoder': 1}",0.0005081500858068
"{'batch_size': 64, 'd_model': 128, 'dropout_rate': 0.2, 'feed_forward_size': 256, 'learning_rate': 0.0001, 'n_heads': 8, 'n_layers_decoder': 2, 'n_layers_encoder': 2}",0.0006440361030399
"{'batch_size': 64, 'd_model': 128, 'dropout_rate': 0.2, 'feed_forward_size': 256, 'learning_rate': 0.001, 'n_heads': 4, 'n_layers_decoder': 1, 'n_layers_encoder': 1}",0.0014025842538103
"{'batch_size': 64, 'd_model': 128, 'dropout_rate': 0.2, 'feed_forward_size': 256, 'learning_rate': 0.001, 'n_heads': 4, 'n_layers_decoder': 2, 'n_layers_encoder': 2}",0.0119773708283901
"{'batch_size': 64, 'd_model': 128, 'dropout_rate': 0.2, 'feed_forward_size': 256, 'learning_rate': 0.001, 'n_heads': 8, 'n_layers_decoder': 1, 'n_layers_encoder': 1}",0.0012064615730196
"{'batch_size': 64, 'd_model': 128, 'dropout_rate': 0.2, 'feed_forward_size': 256, 'learning_rate': 0.001, 'n_heads': 8, 'n_layers_decoder': 2, 'n_layers_encoder': 2}",0.0131106125190854
"{'batch_size': 64, 'd_model': 128, 'dropout_rate': 0.2, 'feed_forward_size': 512, 'learning_rate': 0.0001, 'n_heads': 4, 'n_layers_decoder': 1, 'n_layers_encoder': 1}",0.00050283287419
"{'batch_size': 64, 'd_model': 128, 'dropout_rate': 0.2, 'feed_forward_size': 512, 'learning_rate': 0.0001, 'n_heads': 4, 'n_layers_decoder': 2, 'n_layers_encoder': 2}",0.0005520989070646
"{'batch_size': 64, 'd_model': 128, 'dropout_rate': 0.2, 'feed_forward_size': 512, 'learning_rate': 0.0001, 'n_heads': 8, 'n_layers_decoder': 1, 'n_layers_encoder': 1}",0.0002208773075835
"{'batch_size': 64, 'd_model': 128, 'dropout_rate': 0.2, 'feed_forward_size': 512, 'learning_rate': 0.0001, 'n_heads': 8, 'n_layers_decoder': 2, 'n_layers_encoder': 2}",0.0003902617900166
"{'batch_size': 64, 'd_model': 128, 'dropout_rate': 0.2, 'feed_forward_size': 512, 'learning_rate': 0.001, 'n_heads': 4, 'n_layers_decoder': 1, 'n_layers_encoder': 1}",0.0010451049311086
"{'batch_size': 64, 'd_model': 128, 'dropout_rate': 0.2, 'feed_forward_size': 512, 'learning_rate': 0.001, 'n_heads': 4, 'n_layers_decoder': 2, 'n_layers_encoder': 2}",0.0131109831854701
"{'batch_size': 64, 'd_model': 128, 'dropout_rate': 0.2, 'feed_forward_size': 512, 'learning_rate': 0.001, 'n_heads': 8, 'n_layers_decoder': 1, 'n_layers_encoder': 1}",0.0014890118036419
"{'batch_size': 64, 'd_model': 128, 'dropout_rate': 0.2, 'feed_forward_size': 512, 'learning_rate': 0.001, 'n_heads': 8, 'n_layers_decoder': 2, 'n_layers_encoder': 2}",0.0131108593195676
